# id,Prediction1,Prediction2
1.0,64.851396875,85.425343625
2.0,185.432984658,40.2835661463
3.0,193.309402391,40.3635605613
4.0,197.6603,37.9497
5.0,-92.9013484993,118.202151519
6.0,227.75497026,19.5116953711
7.0,181.133227646,44.2999703129
8.0,202.178152088,-21.3284412458
9.0,187.08173908,-24.7314089001
10.0,218.967155526,21.5737857541
11.0,183.132076053,-31.6980089314
12.0,180.656044952,43.4203224234
13.0,178.518475675,44.6677348791
14.0,206.134193213,-37.8863969153
15.0,162.788887419,38.3357962558
16.0,201.17710107,35.3881932315
17.0,2.59424801213,92.2079092617
18.0,139.659458274,-12.8383670195
19.0,215.732261384,-16.3222940486
20.0,196.54092462,38.2669877535
21.0,-14.0641318662,68.5491203301
22.0,107.4091895,67.96184075
23.0,145.41303531,-12.8297602496
24.0,149.329490443,-14.7724083794
25.0,-12.8862563799,87.4329495307
26.0,-11.9714400014,65.8704150792
27.0,183.770117152,41.1010043785
28.0,170.688491251,43.8032456068
29.0,-124.13287354,134.340532413
30.0,-99.6038075676,126.787795565
31.0,-90.6257648147,206.110775499
32.0,12.1419366587,120.740950727
33.0,22.9365671138,135.526243332
34.0,18.6000877729,137.944967289
35.0,20.5122805985,134.771956804
36.0,131.880757598,91.3628138826
37.0,92.8732816392,28.250498316
38.0,91.2217407883,14.9344504378
39.0,90.2786890447,12.6098819734
40.0,94.8305109636,27.0759673995
41.0,125.207547282,78.9705145927
42.0,131.023822847,93.8205056824
43.0,13.0857456086,118.79323614
44.0,11.8667926798,119.887572027
45.0,15.7659355542,121.61422396
46.0,18.7723758316,129.768446246
47.0,-7.35084768216,86.471129724
48.0,190.306043689,42.5171531152
49.0,212.659252594,24.8255552175
50.0,226.781174633,20.6692402277
51.0,-131.614736223,131.448918038
52.0,-94.9728484042,147.137168019
53.0,-91.664772193,120.017027371
54.0,-84.2305357757,165.724591379
55.0,-57.8446320847,183.052384125
56.0,-39.1606106261,185.296173201
57.0,-41.6582246298,184.170188551
58.0,-62.5228574377,187.214244227
59.0,-50.9965341976,184.019796569
60.0,-40.0283858769,184.890484502
61.0,-50.3374363115,181.803574421
62.0,-115.418084357,128.104688433
63.0,-132.443037984,131.372470194
64.0,-130.356127911,131.811253631
65.0,-126.866657562,133.771609419
66.0,-129.012864685,132.756860493
67.0,-129.923161863,132.168576365
68.0,-91.0355342263,152.821785265
69.0,-103.710545339,129.640022549
70.0,-114.349290047,126.72726256
71.0,-100.770056895,131.492157476
72.0,-112.529969517,131.4886426
73.0,-101.817591281,128.936763075
74.0,-96.6110270616,125.596830016
75.0,-93.5345738227,125.045451612
76.0,-95.8224489229,127.941219961
77.0,-91.8643890801,122.00581265
78.0,-91.8643890801,122.00581265
79.0,-89.0612195816,109.765415678
80.0,-96.7500344614,131.649074345
81.0,-75.3031918994,185.588227002
82.0,-77.0099711307,182.974972081
83.0,-71.1120446266,182.20974434
84.0,-80.8063742138,185.243395939
85.0,-80.918179224,186.837069215
86.0,77.518538018,64.5476362226
87.0,-62.6599802725,180.105175376
88.0,-57.8651271246,179.634209827
89.0,-65.8903230849,180.422982804
90.0,-67.6061321729,180.527865424
91.0,-57.8602913679,180.819366465
92.0,-58.0003659276,179.479600102
93.0,-40.9073200899,184.635872482
94.0,-89.136834575,202.038269335
95.0,-42.566419514,183.533755567
96.0,-40.9397781364,184.619234437
97.0,-49.0451739841,182.051438584
98.0,7.54173631245,131.430930593
99.0,-81.3833134838,184.303934747
100.0,-123.633958318,128.680568287
101.0,-98.6530465832,125.539933436
102.0,-106.994471114,129.912157884
103.0,-87.5131070688,154.129444167
104.0,-91.2790799436,107.41116775
105.0,-43.202922394,184.349447151
106.0,-80.3496439357,188.159852076
107.0,-79.3498451525,186.255078647
108.0,-76.401568829,187.662555316
109.0,-89.1257924996,202.929589182
110.0,-90.4351497969,206.675449076
111.0,-90.3520729893,207.636529387
112.0,-90.722711441,205.787370224
113.0,-90.6102434074,208.092923015
114.0,-88.3058882454,151.233218754
115.0,-94.937605228,147.437935359
116.0,-100.823426401,134.342630272
117.0,-57.7761087671,179.447573771
118.0,-54.4271377582,179.964927641
119.0,-51.9638995669,180.462158596
120.0,-53.214426033,180.894994705
121.0,-41.2431442798,184.750116593
122.0,-53.0414554556,180.320724359
123.0,-42.3085935439,183.999550461
124.0,-40.1818931372,185.005599195
125.0,-59.2327565264,180.915838928
126.0,-61.4131542169,180.352881765
127.0,-47.9209204698,182.319052819
128.0,-38.5784390143,185.667836635
129.0,-39.3771193927,184.972210161
130.0,-89.4534316913,203.174828393
131.0,-44.1132454134,182.889049691
132.0,-43.9683152743,182.894683475
133.0,13.0280120015,125.90519535
134.0,34.5201831663,140.386923558
135.0,26.2277090819,136.452929914
136.0,-78.444726382,184.09388607
137.0,-83.545777115,189.371577245
138.0,-89.9772723024,204.369970617
139.0,-90.217793985,205.88230752
140.0,-81.5113051755,193.651469573
141.0,-89.8282714047,204.966341906
142.0,-91.4634270267,208.92649847
143.0,-89.5183020474,203.540463444
144.0,-90.5385348788,208.400798436
145.0,-76.0914214381,181.422492712
146.0,-81.2253780095,183.807399816
147.0,-75.258204631,180.911489381
148.0,-84.9677810628,162.798062275
149.0,-95.8316599101,144.93858984
150.0,-88.3543434008,152.414892117
151.0,-69.4147433818,183.958410001
152.0,-47.8992776669,183.903976627
153.0,-69.2549657154,183.299219232
154.0,-49.737134907,186.302588553
155.0,-44.5623065185,182.88083755
156.0,-46.342490446,182.387600522
157.0,-45.0331639082,182.609127231
158.0,-54.8950398253,179.783992782
159.0,-51.8295475252,181.142137856
160.0,-75.2707311293,184.525959939
161.0,-64.2672154861,177.127792914
162.0,73.7398479045,66.6518244078
163.0,73.7305819968,66.6521379938
164.0,-81.4374942551,171.154167943
165.0,-97.3810388265,144.26704305
166.0,-107.035348953,131.715144539
167.0,-101.382781927,123.780462534
168.0,-104.090803911,130.491649728
169.0,-94.7521343948,119.698454954
170.0,-64.3755654146,179.26224548
171.0,-78.8838427952,182.242053439
172.0,-77.9322686278,183.035509914
173.0,-61.4507626296,180.389921478
174.0,-88.8110023007,200.345957286
175.0,-77.0982661328,193.335190251
176.0,-90.4952025658,208.167277456
177.0,-90.3676241336,205.267166309
178.0,-90.1303672059,206.307249652
179.0,-91.2177364781,209.933608636
180.0,-88.2528970058,106.784487827
181.0,-90.9912346233,209.203398367
182.0,-87.4926720976,104.875560765
183.0,-90.5189576353,207.022637729
184.0,-87.0210100534,103.066520371
185.0,-91.1711549032,211.105416545
186.0,-96.0182876011,124.220753796
187.0,-90.6457828492,208.585440703
188.0,-90.2737873459,206.733171475
189.0,-96.4269455603,144.768589912
190.0,-87.061188366,155.258376002
191.0,-52.0869519252,150.084715462
192.0,-88.1545426623,152.828221002
193.0,-89.1177425136,200.30471187
194.0,-66.9834087529,181.217569201
195.0,-72.3215203154,181.754921168
196.0,-106.266890087,134.944325124
197.0,-126.424448156,133.838813871
198.0,-129.453141597,132.017655615
199.0,-134.141846455,130.275849531
200.0,-138.190630367,129.115271059
201.0,-134.69365989,130.931171309
202.0,-132.379192908,131.369049917
203.0,-119.036425362,133.215120431
204.0,-104.596385664,132.30710398
205.0,-76.826750162,186.949441733
206.0,-88.2180132014,108.500479668
207.0,-87.4759968194,103.653487346
208.0,-87.6862941973,103.550321253
209.0,-86.8290033548,101.60655872
210.0,-93.56812647,148.079378698
211.0,-82.928217966,178.268874747
212.0,-84.4966346003,167.081887792
213.0,-78.1412479203,181.437120321
214.0,-56.3074016254,180.12460109
215.0,-89.1336498013,203.947063295
216.0,-89.7100216675,204.773498169
217.0,-91.3218013207,211.505864329
218.0,-70.0063483071,180.213207804
219.0,-51.9123454392,181.151915691
220.0,-89.8869266652,205.311255119
221.0,-47.5177445546,182.122599408
222.0,-44.9833778701,183.216765015
223.0,-45.4777350888,182.8090846
224.0,-39.6229087239,185.107241055
225.0,-59.888128698,179.292719017
226.0,-43.3254581838,183.382472578
227.0,-39.6084172972,184.893080564
228.0,-39.3829329358,184.970293262
229.0,-54.5143999461,179.885319009
230.0,-56.5811082472,179.386655335
231.0,-47.6693442764,181.94985553
232.0,-41.3035997454,184.886672372
233.0,-88.5678623045,202.195070185
234.0,103.615069625,43.46167725
235.0,43.4952536586,63.8999703153
236.0,43.3024812086,66.7362396852
237.0,100.818038785,44.0729969525
238.0,43.3863110577,78.7019267499
239.0,103.615069625,43.46167725
240.0,103.615069625,43.46167725
241.0,39.0691229269,86.346751264
242.0,41.234835857,61.7169085415
243.0,43.8773732374,83.9783524048
244.0,35.2812397065,88.926622414
245.0,82.47166175,73.164184375
246.0,-92.627892487,120.79389172
247.0,-96.9948459847,126.432012431
248.0,-101.709867257,136.783965902
249.0,-80.4230775395,174.684100728
250.0,-77.5991207424,170.347445955
251.0,-78.7818410352,182.114057571
252.0,-74.9658648577,188.154601659
253.0,-87.7400355066,105.95064042
254.0,-87.8705620895,106.431092819
255.0,-87.2937383843,102.91229452
256.0,-97.3091501294,120.496921662
257.0,-92.3017831216,122.012578961
258.0,-109.157178592,132.47122113
259.0,-101.750472363,128.358098686
260.0,-121.372644729,134.724828081
261.0,-102.727095172,128.883666821
262.0,-113.39095438,135.022687167
263.0,-125.597814024,134.118381626
264.0,-129.571084679,132.581839426
265.0,-132.838379158,131.04453573
266.0,-128.851252599,133.180454374
267.0,-131.748488169,131.742273026
268.0,-130.058762029,131.662181941
269.0,-124.794388339,133.943994603
270.0,-92.9085478557,147.170646546
271.0,-84.4828099809,165.7700596
272.0,-77.7088983551,172.66067975
273.0,-65.548014983,184.95543338
274.0,-72.1910034681,183.851283348
275.0,-80.7813829978,192.598811571
276.0,-57.3909210417,179.521289113
277.0,-87.7507967698,199.43489551
278.0,-67.9797275576,188.862890366
279.0,-85.3256554476,201.629404309
280.0,-88.180004068,199.492443714
281.0,-88.446638781,201.495684558
282.0,-89.4285821254,205.582631417
283.0,-89.3464565222,207.878192263
284.0,-67.4971688362,179.491072369
285.0,-79.8868401738,173.514492137
286.0,-82.6806699253,168.681312822
287.0,-91.8875554599,154.313074973
288.0,-79.7764571471,173.692833906
289.0,-83.1773029686,166.895407734
290.0,-86.5232831367,199.465899254
291.0,-64.2993519671,177.113904423
292.0,-90.4930130283,151.325769951
293.0,-93.0924,147.8138
294.0,-94.7198301582,147.108315589
295.0,-45.2602308463,182.767175277
296.0,15.644427047,134.692389193
297.0,27.8238338745,153.174043356
298.0,21.1876155095,155.112328673
299.0,25.6667215795,138.967040912
300.0,25.9035053485,156.999390844
301.0,23.8592424871,158.134834141
302.0,23.7326062278,158.205171618
303.0,20.7923080568,134.147935209
304.0,6.47825651485,131.529653253
305.0,8.17770367578,126.365644765
306.0,12.4496926282,128.160944492
307.0,12.8396050784,98.5391204417
308.0,118.641083665,78.0796815295
309.0,130.814492966,86.4674478315
310.0,133.401940924,89.2550614986
311.0,130.754995541,91.3789161386
312.0,-45.3173221136,182.498601634
313.0,-48.3403560518,182.092411732
314.0,-50.6284588294,181.290611888
315.0,-45.566630079,183.144106465
316.0,-47.5902451579,184.7605622
317.0,-43.3072053498,183.295372682
318.0,-39.439089404,185.189195548
319.0,-45.5067043624,183.615238767
320.0,-45.4240134689,182.827581161
321.0,-77.1342671233,187.289687351
322.0,-46.2537501397,182.894015783
323.0,-77.2583958673,185.500126661
324.0,-83.75783745,192.537167739
325.0,-57.1348375811,179.734153832
326.0,-59.2579451709,185.905431153
327.0,-72.3409078409,181.960917043
328.0,-76.6207093989,183.694807926
329.0,-81.3930899353,183.430564444
330.0,-71.9438520882,182.200376046
331.0,-90.243894989,207.145902382
332.0,-72.6199983827,177.983953579
333.0,243.044807176,17.0426136069
334.0,239.747608167,5.34317187254
335.0,236.12766448,5.44382388095
336.0,230.242754697,15.7596128916
337.0,234.541641316,9.59445863715
338.0,228.264230212,17.9327567933
339.0,181.292670645,49.1351410187
340.0,190.084789569,40.5727907779
341.0,160.452872296,37.663368955
342.0,180.397773302,15.2187191455
343.0,119.451680922,74.3644793716
344.0,124.812385995,82.1589792723
345.0,87.0581123044,67.4100600663
346.0,24.2183594174,144.848959763
347.0,-90.5240652599,208.156317752
348.0,-88.8917792253,200.089634955
349.0,-90.9494731881,209.621502093
350.0,-89.9823154668,205.235456795
351.0,-43.7080600193,183.172351051
352.0,-55.8246370974,181.500372427
353.0,-52.0432633973,181.035136338
354.0,-51.4127888942,181.529723309
355.0,-65.9968834831,178.915310227
356.0,-94.5664376003,147.640356008
357.0,-129.050461561,132.490580823
358.0,-132.235176018,131.422350237
359.0,64.851396875,85.425343625
360.0,-14.5333592157,87.3885064428
361.0,-18.2990146008,86.4685139535
362.0,-14.5165483898,87.3965532945
363.0,-15.413958405,83.3511903667
364.0,-12.1307277182,89.0227265815
365.0,-7.2938579488,83.3065252802
366.0,-18.1687773352,89.2975986418
367.0,-95.0966141997,118.161966161
368.0,-110.721670456,132.426718895
369.0,-97.7683594055,125.339105699
370.0,-95.1631369244,122.351756381
371.0,-98.3887235127,121.360891874
372.0,-93.8369223607,119.713121683
373.0,-90.628611838,117.063244944
374.0,12.6140940711,119.281148966
375.0,-94.5220821407,127.675192779
376.0,-109.649121196,132.651900138
377.0,-109.597275433,132.624851447
378.0,-97.1702564546,124.458129589
379.0,-96.6354874771,122.492436056
380.0,-83.6975607683,163.251591635
381.0,-81.3303778816,170.674635896
382.0,-83.4539721769,166.68244775
383.0,-83.6524664911,163.421827707
384.0,-85.2054398443,166.795060414
385.0,-83.2056,165.1088
386.0,-61.1491436572,179.441575937
387.0,-83.1025804979,168.814802601
388.0,-88.8979029955,157.552554261
389.0,-85.3733343471,166.282974839
390.0,-75.3763043734,184.656840789
391.0,-103.783068017,139.118304194
392.0,-57.2065049604,180.016627363
393.0,-79.170434914,184.513393375
394.0,-108.678891242,133.856335041
395.0,-50.0098983308,181.192033128
396.0,-83.0082633675,185.673465731
397.0,-112.552842104,134.40893199
398.0,-39.0231419703,185.409593773
399.0,-65.4660175612,176.633567669
400.0,-47.4447717581,182.08591854
401.0,-88.2894959309,198.577469397
402.0,-38.2788261053,185.753726382
403.0,-86.5385383181,192.755546234
404.0,-103.43395883,134.054011363
405.0,-97.7224204817,135.633669087
406.0,-6.58351017203,81.9428504234
407.0,-43.0397038796,183.73994529
408.0,-124.090147731,132.309705868
409.0,-87.2211828752,194.32222624
410.0,-87.2557153002,194.351671938
411.0,2.15661385812,151.852992467
412.0,-18.6711615577,69.6103986027
413.0,-124.998360226,131.829119155
414.0,-41.6150343205,184.368384741
415.0,-88.5982533042,203.612082188
416.0,-83.0813427846,169.578803777
417.0,-120.162338344,132.909275143
418.0,-45.383068141,183.07202355
419.0,-103.204094217,129.191307387
420.0,-88.5908889397,203.580975168
421.0,-48.6718996345,181.787054566
422.0,-51.8215698604,180.683449427
423.0,-134.863052699,130.294495435
424.0,-89.0965745924,204.257379325
425.0,-70.565512725,184.650664751
426.0,-132.712968769,130.91297688
427.0,43.754376128,63.5196305476
428.0,-88.0873634424,199.093667244
429.0,-63.9779026139,179.035169376
430.0,-53.3759398959,180.446012836
431.0,-89.2768410913,112.229669075
432.0,-118.761835437,135.769450897
433.0,-65.8897146367,176.728075437
434.0,-115.594488873,135.540302925
435.0,-92.0671529934,119.750183648
436.0,-51.4928678891,181.146590879
437.0,9.38851235376,123.303948938
438.0,-114.324679583,137.043273922
439.0,-65.9597608741,177.161916199
440.0,-7.35139004001,86.4724593169
441.0,20.981696405,134.210209795
442.0,-64.2606139253,177.604894431
443.0,-112.445655994,135.944980924
444.0,-98.0605370317,129.53457962
445.0,-96.9552431419,125.686782163
446.0,-77.3015658861,182.726878368
447.0,-25.5925816526,70.0109598167
448.0,-64.2991510813,177.484440833
449.0,-58.664389666,178.502909173
450.0,-64.2007266239,177.637607157
451.0,-93.9632894944,129.817042575
452.0,-20.924014933,71.3343774858
453.0,-88.5213810375,200.59606547
454.0,20.659663636,144.651670097
455.0,-46.7368523414,182.331258961
456.0,-93.9632595033,129.816937974
457.0,-60.7394846055,179.502125815
458.0,27.1510882193,144.64897998
459.0,134.884906069,90.1249409976
460.0,-23.0239739994,70.6966976089
461.0,-93.7991278669,147.183133857
462.0,-122.370777903,135.231856213
463.0,-89.3625525869,205.170900236
464.0,-118.756570105,135.859241236
465.0,-99.0322595446,129.976465047
466.0,-94.2777798919,146.531208446
467.0,-99.9001280232,129.747479512
468.0,-74.8871786702,178.231589107
469.0,-85.8566830598,198.917725655
470.0,-56.0991474233,179.929443029
471.0,-89.3788470102,110.669560842
472.0,-105.542065451,135.673656229
473.0,-51.3329672241,180.789821578
474.0,-88.5067348894,107.167051017
475.0,-73.4830317551,181.024331635
476.0,-88.3597865036,198.803080034
477.0,-111.780000128,134.922765787
478.0,-53.6543123444,180.757565867
479.0,-136.440784029,130.086446963
480.0,129.187952,95.3118388863
481.0,-121.380080453,134.905762288
482.0,-114.150941357,136.176884297
483.0,-87.8409118414,105.61677429
484.0,-64.8213232678,180.002320041
485.0,-45.9955562161,182.522774966
486.0,19.3833377754,119.199343543
487.0,-89.4657001682,204.67706612
488.0,69.0595734691,104.205443418
489.0,-118.552744146,136.326115331
490.0,-86.7336941141,101.729806904
491.0,-84.1707525707,168.731251671
492.0,-119.710920377,132.125756991
493.0,-48.7495697758,182.371833952
494.0,-95.4313342343,123.424997769
495.0,-88.8293398572,112.346695248
496.0,-81.4253927323,171.946948738
497.0,-104.615978483,128.300794819
498.0,-87.5253587494,106.680423631
499.0,41.5533796121,85.3078611411
500.0,-125.846772778,133.463699942
501.0,-87.218259192,108.981869345
502.0,-88.2481104474,110.310055565
503.0,-87.2187540104,108.981674059
504.0,-90.5366123198,205.982734774
505.0,-46.9357531483,181.993606988
506.0,-126.34739336,133.503747534
507.0,-96.2863,132.3486
508.0,-87.1140151348,106.457060049
509.0,-98.802626874,131.904393797
510.0,-129.06235106,132.35887776
511.0,-99.0273044017,131.991185313
512.0,-90.8458022871,206.63186415
513.0,-96.3580677187,128.639930087
514.0,-127.305148695,132.6553796
515.0,52.5072243717,92.3500956423
516.0,47.2261468816,65.9018964528
517.0,-90.233028489,112.562221951
518.0,-130.357945613,131.818831646
519.0,-88.8501494391,110.028496342
520.0,-131.42703307,131.469921421
521.0,-89.5637312694,206.858280133
522.0,-88.1114384321,108.8832328
523.0,-123.875965384,132.969706534
524.0,-88.4280572215,107.492996199
525.0,-93.6655816648,148.211760437
526.0,-58.0713097017,179.192192538
527.0,43.3497916882,65.8249039444
528.0,-128.378256914,132.654809464
529.0,53.3242435207,86.9574754431
530.0,-88.5733270776,206.147756476
531.0,-65.2585844136,187.656415247
532.0,-82.5783697909,168.628620444
533.0,44.3108739947,61.4060852629
534.0,-87.9358997411,105.838546649
535.0,-92.3430606166,121.026160539
536.0,-62.3364738052,177.275991341
537.0,-91.0536322038,117.183988667
538.0,-78.6885125716,178.451791402
539.0,-109.445571999,136.818042578
540.0,-88.2072691564,107.91170163
541.0,45.3978547655,89.9199716948
542.0,43.225664087,64.2220242354
543.0,-89.1976354429,112.618777593
544.0,94.1492339404,27.1486548179
545.0,-72.2438656493,178.007214594
546.0,-75.5157755532,185.087525544
547.0,-110.713633744,136.921737124
548.0,-90.6653888978,116.778314946
549.0,-93.3397248553,147.953885204
550.0,81.7022811474,54.1090556295
551.0,-86.6905775359,155.790728828
552.0,91.1805496312,19.3338405427
553.0,-110.724098934,136.917433214
554.0,-82.8065353218,187.93716122
555.0,-68.7329013632,177.148711636
556.0,-94.0970609277,121.328399586
557.0,-79.3740598567,178.514683
558.0,63.6600917343,57.878981824
559.0,-59.1985722283,178.604378151
560.0,-128.183050198,132.582828234
561.0,91.8747620613,14.6406346998
562.0,-87.5385361267,195.323595924
563.0,84.7447287242,15.1327307433
564.0,58.2648065575,68.0255104145
565.0,-48.8612587323,182.543850971
566.0,-75.5911760942,185.489563235
567.0,-95.3092500162,126.573201208
568.0,51.1002337307,95.084674296
569.0,-115.860648508,132.190479822
570.0,-46.4508074068,182.618141732
571.0,89.1820121679,24.7755147708
572.0,-88.7838565411,204.591130341
573.0,-104.8238888,131.539679605
574.0,-105.196567346,133.185415594
575.0,-115.486110072,133.847966019
576.0,-90.0079874396,206.40556612
577.0,54.3534751227,89.382684586
578.0,-131.350461159,131.075794999
579.0,-132.156517729,131.265397457
580.0,-112.93528545,134.96547645
581.0,19.4260272912,139.944129274
582.0,-133.177943845,130.551992486
583.0,-89.0212589104,204.102430053
584.0,-86.6905775359,155.790728828
585.0,-115.893030793,132.176277548
586.0,-77.7732163888,173.960571479
587.0,56.390147669,82.7696972322
588.0,-55.5993524771,179.79916372
589.0,116.749302545,78.7950353964
590.0,-126.525875396,133.476245793
591.0,19.4804450052,139.998393948
592.0,-136.172092452,130.121093705
593.0,-98.2554071441,128.070388599
594.0,-53.6066915031,180.574409984
595.0,-134.343729945,130.819608109
596.0,-84.5902995018,201.355799647
597.0,-85.1442655133,193.203047257
598.0,-95.5027963059,120.72966846
599.0,-131.840435181,131.908384293
600.0,-66.5136964635,178.426098402
601.0,74.760264884,72.128107935
602.0,-90.4486932475,209.126587481
603.0,96.3157049436,61.7963941996
604.0,-89.4175316674,112.797365968
605.0,-84.4061742813,167.058893319
606.0,-77.4031328566,183.088465861
607.0,-87.6434964249,153.572320342
608.0,-90.4451585669,207.949198734
609.0,-56.2947028383,179.381070935
610.0,123.67474705,97.8409982908
611.0,-108.143815902,133.289180918
612.0,-89.524819069,205.258978631
613.0,-131.950573271,131.567750823
614.0,38.3142076049,149.221084176
615.0,-84.5837359674,167.609412666
616.0,-87.6434964249,153.572320342
617.0,-52.0100527875,181.052756032
618.0,114.404263962,74.1409953933
619.0,-133.980352216,130.744053008
620.0,119.155607745,80.5132335307
621.0,-95.506724144,145.940108652
622.0,-130.922116658,131.861801545
623.0,-71.0604288037,176.925411766
624.0,-86.9383291246,200.625057201
625.0,116.536468579,78.6999440429
626.0,-61.8237135054,179.428733432
627.0,-43.969204143,184.122540113
628.0,-87.6574764746,107.818407541
629.0,-117.182840581,136.095473862
630.0,-109.604114146,134.568384849
631.0,-105.216254541,136.086890581
632.0,138.58858945,91.6626231418
633.0,122.87927087,99.1996518374
634.0,-124.472083436,130.329468296
635.0,-117.638324774,135.901849611
636.0,-59.5863201251,181.119054557
637.0,-46.3778768734,183.01690025
638.0,-66.463121121,176.6385483
639.0,-86.7891889956,100.174935809
640.0,-17.6550601419,87.6561400927
641.0,-50.9291057065,180.713059071
642.0,119.779893568,96.2847773371
643.0,-105.134136312,136.097723748
644.0,-87.9563055755,106.202892926
645.0,-45.8437518434,182.184503257
646.0,-50.0772367826,181.599410898
647.0,-102.361278284,136.353223368
648.0,-18.6249970049,88.2356961003
649.0,-124.504322159,133.832816671
650.0,-70.306421102,176.631150071
651.0,-116.564519026,133.588060512
652.0,-102.74719911,136.866169875
653.0,116.897682719,81.9045823935
654.0,-88.7259156702,160.013686609
655.0,7.7658545339,123.789229282
656.0,-76.8585353405,189.525692177
657.0,-131.720001527,131.572527722
658.0,-113.078136195,134.189680114
659.0,-63.9543168281,180.172579351
660.0,92.0989521764,22.9786145776
661.0,-89.8503933113,157.968851487
662.0,86.4335852008,27.0462393858
663.0,-80.8089241753,187.756403046
664.0,13.4342,134.328
665.0,-98.3012202975,128.060768987
666.0,-139.073309108,129.034811338
667.0,-88.2869611476,199.194302384
668.0,8.8312,120.7268
669.0,-66.6889,176.0281
670.0,89.1950334876,12.707120568
671.0,-91.966548877,152.982935874
672.0,10.3757175713,114.202795169
673.0,69.4823938098,51.0983418391
674.0,-86.6381845845,199.603462695
675.0,-89.6246014108,205.631280692
676.0,86.0119793512,23.7506019862
677.0,97.7004449322,53.4781516657
678.0,-90.2171419451,206.382593127
679.0,12.4205561312,133.829635174
680.0,84.6647206394,27.9906973975
681.0,87.4093818658,14.5636501378
682.0,12.3221602678,131.800211029
683.0,-125.666006355,133.679742548
684.0,87.5362646976,20.0460971308
685.0,10.1849130731,122.413818104
686.0,-88.8119405814,157.332742919
687.0,7.45375121853,108.959078616
688.0,-76.9024046519,187.343023207
689.0,44.6049705415,62.0455967741
690.0,-103.386624788,129.949329072
691.0,-9.43040924096,78.7229570843
692.0,44.7927615267,62.401536168
693.0,41.1617379799,55.4194933845
694.0,15.6727325258,134.697055777
695.0,-92.1631248955,118.50261573
696.0,-17.3265646954,68.6956241784
697.0,-86.8823072099,102.634556169
698.0,-90.7210478876,110.640578614
699.0,62.4642796053,82.1674424576
700.0,-87.9470738773,105.882936722
701.0,86.7010943348,25.5040919953
702.0,47.4131925719,63.9891540205
703.0,17.3674624667,126.181363516
704.0,43.0592685424,62.4907486744
705.0,34.5912074847,43.9336352484
706.0,13.7430041824,144.099976525
707.0,46.4893182795,70.696449152
708.0,89.4616647814,27.5636051265
709.0,34.0383514651,44.2778720794
710.0,43.4133553931,65.8230342414
711.0,24.2342997534,150.034023264
712.0,14.6701277087,125.918446697
713.0,118.731688873,94.0526107872
714.0,42.0096983885,64.6918384487
715.0,-9.55260825535,84.2975727584
716.0,12.8202844328,133.241833171
717.0,163.241914397,40.1896424439
718.0,12.5336919305,133.88525915
719.0,-16.9587581978,74.2470196805
720.0,6.18830146721,94.2935401637
721.0,13.4342,134.328
722.0,-17.3120018921,69.447682321
723.0,124.715942471,87.4839680072
724.0,-18.2985821751,69.2960162362
725.0,42.4795191083,58.6910691325
726.0,185.858958967,43.6845504459
727.0,33.0923977954,44.3534773615
728.0,118.510717619,94.6078531128
729.0,14.5564802777,115.792382544
730.0,33.0540580289,44.3556137473
731.0,54.905013287,83.4236994875
732.0,54.0158609578,89.1732537707
733.0,7.59964989955,93.8586385663
734.0,-6.90354040682,85.29729736
735.0,12.9660125424,130.883627813
736.0,118.59233292,71.910351219
737.0,44.279549709,65.0986135265
738.0,51.0783964994,95.0776227029
739.0,12.759,95.7321
740.0,13.4342,134.328
741.0,43.4575089694,65.6645407611
742.0,131.773618539,79.4025012187
743.0,44.279549709,65.0986135265
744.0,13.0228704579,103.410270275
745.0,63.445442679,86.9236710674
746.0,39.3029585658,54.2623187835
747.0,147.03306748,1.51084888638
748.0,123.359382906,76.7185499949
749.0,66.9363454318,68.6159073828
750.0,187.048161663,22.5766595128
751.0,197.639626246,21.7543755326
752.0,125.699751136,82.2896597792
753.0,204.446988978,-1.53613321437
754.0,118.681228348,67.0794333954
755.0,117.933140562,74.4015751204
756.0,42.6084615889,89.1472161816
757.0,-9.02602320613,85.3065954695
758.0,53.0531736517,86.8268979488
759.0,-38.383817179,185.723628691
760.0,125.40816514,90.5321020794
761.0,-41.3551328492,183.757726577
762.0,95.1047265723,29.6181625077
763.0,50.0016067634,67.3653705824
764.0,131.639932454,74.6759614861
765.0,89.2321,10.0301
766.0,44.0436055114,66.4389415608
767.0,49.0668203374,82.6715329694
768.0,44.5489868154,61.4770778195
769.0,128.213690592,95.3274840655
770.0,48.2439017707,85.806829163
771.0,89.2321,10.0301
772.0,-9.05124712156,83.1330386873
773.0,42.7105068995,63.452331715
774.0,40.813660176,57.7917322003
775.0,185.2158773,39.8141686319
776.0,91.3641425003,40.9628141956
777.0,191.45254368,-10.2874755029
778.0,54.2211963985,70.8174776279
779.0,41.0371012856,56.7953673733
780.0,43.5234792309,55.1516537335
781.0,43.5022216837,53.8583043965
782.0,195.980014558,-20.1961675105
783.0,189.485796016,37.9299342809
784.0,186.014562946,-14.6354936324
785.0,60.0076765293,93.8192499117
786.0,89.2321,10.0301
787.0,44.278984011,62.4475107759
788.0,204.5767,29.5577
789.0,120.808357218,95.2035098814
790.0,202.769145816,11.5523369074
791.0,46.3639549424,84.2664613885
792.0,118.927599136,78.6009155421
793.0,38.501340229,62.2384888446
794.0,59.5596861997,95.0218734586
795.0,123.865629585,87.6282529079
796.0,118.090037024,81.8847043938
797.0,44.1711270324,69.6196368683
798.0,53.2588707959,92.4233590938
799.0,197.123347464,-37.416619074
800.0,41.7990093904,47.4530064063
801.0,119.40845757,81.3541338624
802.0,119.731703942,78.7653591949
803.0,45.4148013114,69.3345761848
804.0,42.8831054295,61.148148241
805.0,50.3163874299,70.9795368705
806.0,191.012513018,3.21246839664
807.0,117.939067618,70.3414209288
808.0,90.2642795785,29.2197707799
809.0,204.531498455,-39.2001660752
810.0,130.633130146,89.9967610794
811.0,133.440174095,90.9119493393
812.0,44.3182909255,61.4087215564
813.0,38.2776754521,59.6747039092
814.0,204.572209345,-38.6704671325
815.0,184.459974085,40.7182979208
816.0,216.464827667,-22.7545367099
817.0,47.318755222,64.0525492367
818.0,188.790408741,39.4143647064
819.0,60.7986182857,82.0645783165
820.0,78.4172409757,67.1630716149
821.0,44.2522305707,62.4277225885
822.0,42.882814487,62.4034185627
823.0,95.5462996898,29.3751612232
824.0,193.348209751,-10.5388477692
825.0,167.676385712,45.6996149849
826.0,164.508261085,42.5447089691
827.0,42.540201255,64.3726439803
828.0,92.6652266127,30.9639986129
829.0,173.666228142,46.3093091132
830.0,190.833894849,41.9246707923
831.0,51.6911371271,84.7211912705
832.0,34.2372687334,48.4206705582
833.0,171.5408659,43.6229773214
834.0,85.9762995813,15.4862640673
835.0,177.651736046,45.0491789419
836.0,82.7231497508,14.4664404563
837.0,168.141172636,44.3369681411
838.0,176.62877236,45.0631391681
839.0,131.864634186,91.4245636415
840.0,43.8890504905,61.683031071
841.0,178.482700452,45.0696568098
842.0,153.769659971,-16.471967988
843.0,192.5967976,-21.8141423174
844.0,180.3470325,44.0687856512
845.0,95.9044214279,39.0585152656
846.0,195.445521823,38.6624956529
847.0,198.356481728,37.5634695315
848.0,201.023213823,35.1859977691
849.0,200.091344109,-43.6841926207
850.0,117.726057819,69.978157801
851.0,51.8375501891,90.3160990714
852.0,135.12653,81.276651
853.0,195.533310082,41.0326897213
854.0,198.381868248,37.5493854969
855.0,190.339010915,-20.2285270973
856.0,115.705347252,75.115939045
857.0,65.6405814959,96.101906388
858.0,171.688659297,7.56771617993
859.0,203.012988097,33.8195094617
860.0,138.301366189,93.4915041479
861.0,115.295402424,74.9506502626
862.0,53.7536995931,87.1643494053
863.0,170.568928052,38.2141998662
864.0,203.763792978,32.7585396468
865.0,211.029128859,30.620220606
866.0,197.946767026,-29.8801985781
867.0,198.373780334,37.553872542
868.0,62.7814119515,81.063874691
869.0,204.326649957,34.8745711852
870.0,165.029726538,42.7593664649
871.0,214.555751689,26.5614558782
872.0,213.830702733,25.0628134492
873.0,176.481300437,50.1302560065
874.0,184.545910009,-22.5186881886
875.0,222.863841574,24.2476338647
876.0,220.380020239,20.2100009219
877.0,47.5503,84.1761
878.0,218.491199213,20.6778463216
879.0,172.185155877,52.2125879122
880.0,129.105539886,57.5885965135
881.0,179.333508445,47.1351596108
882.0,180.036004877,32.0472847706
883.0,198.713217995,-40.0803705744
884.0,172.795637624,53.0081583753
885.0,233.414271241,11.9542226301
886.0,195.120626015,35.3106640891
887.0,170.61775945,47.9383617341
888.0,236.899735661,11.5682536764
889.0,174.177487201,-27.6873710639
890.0,233.623095369,8.40872691673
891.0,215.857555821,24.3775615282
892.0,162.135695938,35.5366559005
893.0,176.134433874,47.6972479784
894.0,192.549172288,37.9415523089
895.0,236.50341808,12.8106793703
896.0,234.437535288,15.8782421915
897.0,186.759347506,43.9975138396
898.0,179.173628172,-25.3696628336
899.0,234.427199893,10.0786718461
900.0,189.20528061,39.7756123068
901.0,211.707653699,28.5429849078
902.0,226.628833556,18.0051468061
903.0,237.793763496,13.8755889431
904.0,163.202330953,-3.70522642473
905.0,236.515870628,10.0282505958
906.0,64.851396875,85.425343625
907.0,179.200634882,-0.71922310898
908.0,234.991320342,15.7640982321
909.0,186.980918619,37.2645787573
910.0,132.4416,93.0602
911.0,241.446653948,7.18763301775
912.0,231.109960312,8.17328829653
913.0,217.943355361,13.2158481499
914.0,162.592222538,4.64276259418
915.0,240.20551622,14.1766444327
916.0,126.201195431,97.4605836209
917.0,122.481163995,81.1553154934
918.0,177.607749919,44.5200093345
919.0,198.132515529,-18.0184286642
920.0,157.42159727,-1.49960575503
921.0,174.420041884,48.3915996485
922.0,117.587434472,80.6472248368
923.0,130.594816174,91.4892463258
924.0,234.010029636,8.27584433863
925.0,235.184109864,1.96593824396
926.0,123.227134246,61.6699901043
927.0,124.107204493,80.4321513368
928.0,180.70655059,-18.0975378595
929.0,235.717248292,2.06723134284
930.0,233.824606813,9.51001473261
931.0,173.991395222,46.5917802688
932.0,118.587028152,88.3863533842
933.0,119.274376547,80.5054545467
934.0,230.899650044,17.1707091099
935.0,177.62252293,44.6315592992
936.0,197.8034097,-42.8247729635
937.0,235.947516747,5.11902792496
938.0,234.925151937,1.20508279293
939.0,176.222472288,46.9354076075
940.0,178.509591518,44.5862421825
941.0,64.851396875,85.425343625
942.0,235.139613696,2.26215911824
943.0,218.103959401,13.0403854548
944.0,236.928799834,1.87402231535
945.0,211.542773077,23.3552353552
946.0,178.591426612,51.8982280132
947.0,196.722870015,31.5487474466
948.0,13.6717894796,118.893465328
949.0,200.696196721,-12.7482187799
950.0,221.282024018,21.5714993081
951.0,232.374697338,13.209454064
952.0,185.457876223,40.2247461594
953.0,211.019648456,26.5601676234
954.0,205.289105929,-18.7382909359
955.0,215.434476927,23.8606830239
956.0,175.232691458,46.6122286409
957.0,214.500506252,23.5452754983
958.0,201.813029526,31.7787984623
959.0,236.684801334,6.14148624193
960.0,233.626131247,1.75472405836
961.0,189.362285232,38.5251561831
962.0,198.971484339,-12.4011893208
963.0,12.841216982,98.1859158863
964.0,207.502809473,7.0696777635
965.0,153.213669953,-16.7084967815
966.0,183.875782991,-21.8770365995
967.0,202.688488608,-23.66473947
968.0,12.2987784705,133.769762368
969.0,182.723677734,17.6334303832
970.0,15.244207755,134.927125294
971.0,117.19038758,56.1774214321
972.0,182.699752333,-24.7092054444
973.0,211.320596885,-25.4300215094
974.0,215.481512998,23.5077027015
975.0,200.008880738,-31.3918530982
976.0,190.115913226,38.1807732534
977.0,219.347735343,22.2274606087
978.0,183.579182246,-12.6457785402
979.0,228.339434008,-12.2083752596
980.0,183.019399278,46.4865988404
981.0,170.557714901,54.3417809899
982.0,209.002129758,-15.2912256827
983.0,16.1487227204,125.418710511
984.0,195.036893271,-24.2050645566
985.0,192.712458185,-42.4412977983
986.0,173.876987241,53.5317612958
987.0,15.913420654,129.935237185
988.0,179.483155978,47.544284399
989.0,228.339434008,-12.2083752596
990.0,212.965841363,-30.8530170519
991.0,181.809505222,-32.1488646954
992.0,176.21229468,44.2943426674
993.0,197.358678942,32.761482035
994.0,197.655682519,0.844350588225
995.0,158.042302367,-18.5091866469
996.0,156.759933319,-18.4656886698
997.0,235.50980544,5.16564200958
998.0,228.173516654,5.00249682053
999.0,154.741147409,-15.6740661447
1000.0,201.841497822,36.3360610462
1001.0,154.034010316,-16.2869521111
1002.0,230.115894326,13.5077067008
1003.0,234.914531276,0.159132551067
1004.0,165.126614053,40.1361322614
1005.0,202.971110361,36.0978303901
1006.0,193.576402394,-8.46488405614
1007.0,227.53424505,16.8208895808
1008.0,205.206131961,29.3125572706
1009.0,154.483636032,-17.6317873549
1010.0,235.427044057,1.76639011045
1011.0,235.571304151,1.59186329329
1012.0,204.625969256,-27.2050045341
1013.0,-5.62721828472,88.0865879284
1014.0,148.355950627,-14.1884896289
1015.0,234.131184158,7.50831556307
1016.0,213.911211685,24.3788821472
1017.0,226.230847029,20.5929998954
1018.0,232.980176734,17.9349801273
1019.0,210.321464854,-34.515537816
1020.0,227.486619938,17.3402018687
1021.0,236.580684813,10.4880990986
1022.0,232.611890339,15.3698923848
1023.0,205.603500511,27.8281864728
1024.0,214.99927435,-28.2433114877
1025.0,158.108584825,17.4334097802
1026.0,9.93564162412,94.7403387708
1027.0,194.835966693,45.5733026307
1028.0,211.677706011,28.2279061179
1029.0,226.581893396,12.9015038568
1030.0,238.145726245,9.71670897649
1031.0,198.762461442,41.044013237
1032.0,235.739539507,6.31184329033
1033.0,178.92650392,35.4437184167
1034.0,183.88773968,41.0357469049
1035.0,229.363669404,13.7183877729
1036.0,237.40052225,3.81698019717
1037.0,226.156908747,15.440231653
1038.0,236.956308296,8.97979018963
1039.0,231.248987149,12.8489064876
1040.0,237.789499432,4.00274540652
1041.0,236.896386908,4.35523962851
1042.0,242.944520052,11.877775807
1043.0,239.205282056,10.9911300051
1044.0,-90.5920842096,208.217054763
1045.0,-130.490240449,132.094197406
1046.0,-89.9400353048,204.925391658
1047.0,-107.192856337,131.37043094
1048.0,-110.784175616,136.392250342
1049.0,-87.4358323893,103.993420184
1050.0,-40.579572627,184.782402335
1051.0,20.3527061783,129.926819981
1052.0,17.4339922397,139.158326989
1053.0,37.1301381643,86.8468537685
1054.0,43.6695938253,61.529545512
1055.0,40.4126176384,85.9867705292
1056.0,131.873260218,91.3611341343
1057.0,134.577502681,90.5008854776
1058.0,128.277817932,91.4935670622
1059.0,135.84602621,82.6305361376
1060.0,127.264979919,80.3289997006
1061.0,137.830365626,93.3915217957
1062.0,137.152210349,94.3089885047
1063.0,123.506517438,102.180437802
1064.0,96.3886598668,28.9105250191
1065.0,95.7607811247,29.2568557257
1066.0,96.1130522288,29.0625470285
1067.0,117.05511561,77.2342604349
1068.0,126.613408299,77.8226902003
1069.0,122.156649594,86.3771855006
1070.0,130.127115559,94.3013793127
1071.0,128.006133045,95.438790121
1072.0,19.3770769234,146.127163774
1073.0,19.4064100666,141.490046142
1074.0,25.136182,150.191375
1075.0,25.136182,150.191375
1076.0,13.407951774,96.2879318474
1077.0,-8.99067541249,87.3721006383
1078.0,-16.4611334677,75.4264852548
1079.0,195.377599248,28.6194147403
1080.0,197.6603,37.9497
1081.0,202.217306125,35.4215318521
1082.0,219.462514979,20.0883002359
1083.0,224.859439356,20.0281056903
1084.0,188.707582257,-39.2467234128
1085.0,201.803938535,-46.9975929479
1086.0,197.170845585,-41.2941188867
1087.0,195.344280098,-42.7236062882
1088.0,194.364605799,-43.9989709901
1089.0,197.090860297,-46.3900221039
1090.0,197.150527469,-41.2479946114
1091.0,190.185244267,-39.398663986
1092.0,64.851396875,85.425343625
1093.0,195.252323452,-37.2126576897
1094.0,64.851396875,85.425343625
1095.0,148.745660611,-0.243910208121
1096.0,151.885312495,-18.7058449683
1097.0,152.007038771,-18.2987156431
1098.0,145.780482455,-12.9061548199
1099.0,143.019108081,-13.248354024
1100.0,169.497487863,37.0440102784
1101.0,173.739973426,55.4426813467
1102.0,176.715122752,50.6637935474
1103.0,190.865350808,39.4055537353
1104.0,190.870953454,39.4745697711
1105.0,221.077726924,24.6397158682
1106.0,233.511824896,14.9044185545
1107.0,233.666805835,2.01204760405
1108.0,185.810861551,14.2247477843
1109.0,-88.4443180355,110.837253601
1110.0,-90.1948139682,114.908209026
1111.0,-89.8925833929,114.026346852
